<cz.cuni.mff.xrg.odcs.commons.app.pipeline.Pipeline>
  <description></description>
  <graph>
    <edges>
      <cz.cuni.mff.xrg.odcs.commons.app.pipeline.graph.Edge>
        <from>
          <dpuInstance>
            <description></description>
            <menuName>uv-e-filesDownload</menuName>
            <name>uv-e-filesDownload</name>
            <rawConf>&lt;object-stream&gt;
  &lt;MasterConfigObject&gt;
    &lt;configurations&gt;
      &lt;entry&gt;
        &lt;string&gt;addon/faultToleranceWrap&lt;/string&gt;
        &lt;string&gt;&amp;lt;object-stream&amp;gt;
  &amp;lt;eu.unifiedviews.helpers.dpu.extension.faulttolerance.FaultTolerance_-Configuration__V1&amp;gt;
    &amp;lt;enabled&amp;gt;false&amp;lt;/enabled&amp;gt;
    &amp;lt;exceptionNames class=&amp;quot;linked-list&amp;quot;/&amp;gt;
    &amp;lt;maxRetryCount&amp;gt;-1&amp;lt;/maxRetryCount&amp;gt;
  &amp;lt;/eu.unifiedviews.helpers.dpu.extension.faulttolerance.FaultTolerance_-Configuration__V1&amp;gt;
&amp;lt;/object-stream&amp;gt;&lt;/string&gt;
      &lt;/entry&gt;
      &lt;entry&gt;
        &lt;string&gt;dpu_config&lt;/string&gt;
        &lt;string&gt;&amp;lt;object-stream&amp;gt;
  &amp;lt;eu.unifiedviews.plugins.extractor.filesdownload.FilesDownloadConfig__V1&amp;gt;
    &amp;lt;vfsFiles&amp;gt;
      &amp;lt;eu.unifiedviews.plugins.extractor.filesdownload.VfsFile&amp;gt;
        &amp;lt;uri&amp;gt;https://www.dropbox.com/s/xskde10l4qt0v14/CL_GEO_20151016_142353.csv?dl=1&amp;lt;/uri&amp;gt;
        &amp;lt;username&amp;gt;&amp;lt;/username&amp;gt;
        &amp;lt;password&amp;gt;&amp;lt;/password&amp;gt;
        &amp;lt;fileName&amp;gt;&amp;lt;/fileName&amp;gt;
      &amp;lt;/eu.unifiedviews.plugins.extractor.filesdownload.VfsFile&amp;gt;
    &amp;lt;/vfsFiles&amp;gt;
    &amp;lt;softFail&amp;gt;false&amp;lt;/softFail&amp;gt;
    &amp;lt;defaultTimeout&amp;gt;20000&amp;lt;/defaultTimeout&amp;gt;
    &amp;lt;ignoreTlsErrors&amp;gt;false&amp;lt;/ignoreTlsErrors&amp;gt;
  &amp;lt;/eu.unifiedviews.plugins.extractor.filesdownload.FilesDownloadConfig__V1&amp;gt;
&amp;lt;/object-stream&amp;gt;&lt;/string&gt;
      &lt;/entry&gt;
    &lt;/configurations&gt;
  &lt;/MasterConfigObject&gt;
&lt;/object-stream&gt;</rawConf>
            <template>
              <description></description>
              <jarName>uv-e-filesDownload-2.1.4.jar</jarName>
              <menuName>uv-e-filesDownload</menuName>
              <name>uv-e-filesDownload</name>
              <rawConf>&lt;object-stream&gt;
  &lt;MasterConfigObject&gt;
    &lt;configurations&gt;
      &lt;entry&gt;
        &lt;string&gt;dpu_config&lt;/string&gt;
        &lt;string&gt;&amp;lt;object-stream&amp;gt;
  &amp;lt;eu.unifiedviews.plugins.extractor.filesdownload.FilesDownloadConfig__V1&amp;gt;
    &amp;lt;vfsFiles class=&amp;quot;linked-list&amp;quot;/&amp;gt;
    &amp;lt;softFail&amp;gt;false&amp;lt;/softFail&amp;gt;
    &amp;lt;defaultTimeout&amp;gt;20000&amp;lt;/defaultTimeout&amp;gt;
    &amp;lt;ignoreTlsErrors&amp;gt;false&amp;lt;/ignoreTlsErrors&amp;gt;
  &amp;lt;/eu.unifiedviews.plugins.extractor.filesdownload.FilesDownloadConfig__V1&amp;gt;
&amp;lt;/object-stream&amp;gt;&lt;/string&gt;
      &lt;/entry&gt;
    &lt;/configurations&gt;
  &lt;/MasterConfigObject&gt;
&lt;/object-stream&gt;</rawConf>
              <useDPUDescription>false</useDPUDescription>
            </template>
            <useDPUDescription>false</useDPUDescription>
            <useTemplateConfig>false</useTemplateConfig>
          </dpuInstance>
          <graph reference="../../../.."/>
          <position>
            <x>454</x>
            <y>24</y>
          </position>
        </from>
        <graph reference="../../.."/>
        <script>output -&gt; table;</script>
        <to>
          <dpuInstance>
            <description></description>
            <menuName>uv-t-tabular</menuName>
            <name>uv-t-tabular</name>
            <rawConf>&lt;object-stream&gt;
  &lt;MasterConfigObject&gt;
    &lt;configurations&gt;
      &lt;entry&gt;
        &lt;string&gt;addon/faultToleranceWrap&lt;/string&gt;
        &lt;string&gt;&amp;lt;object-stream&amp;gt;
  &amp;lt;eu.unifiedviews.helpers.dpu.extension.faulttolerance.FaultTolerance_-Configuration__V1&amp;gt;
    &amp;lt;enabled&amp;gt;false&amp;lt;/enabled&amp;gt;
    &amp;lt;exceptionNames class=&amp;quot;linked-list&amp;quot;/&amp;gt;
    &amp;lt;maxRetryCount&amp;gt;-1&amp;lt;/maxRetryCount&amp;gt;
  &amp;lt;/eu.unifiedviews.helpers.dpu.extension.faulttolerance.FaultTolerance_-Configuration__V1&amp;gt;
&amp;lt;/object-stream&amp;gt;&lt;/string&gt;
      &lt;/entry&gt;
      &lt;entry&gt;
        &lt;string&gt;dpu_config&lt;/string&gt;
        &lt;string&gt;&amp;lt;object-stream&amp;gt;
  &amp;lt;cz.cuni.mff.xrg.uv.transformer.tabular.TabularConfig__V2&amp;gt;
    &amp;lt;keyColumn&amp;gt;Code2&amp;lt;/keyColumn&amp;gt;
    &amp;lt;baseURI&amp;gt;http://data.openbudgets.eu/resource/CL_GEO/&amp;lt;/baseURI&amp;gt;
    &amp;lt;columnsInfo class=&amp;quot;linked-hash-map&amp;quot;&amp;gt;
      &amp;lt;entry&amp;gt;
        &amp;lt;string&amp;gt;Level&amp;lt;/string&amp;gt;
        &amp;lt;cz.cuni.mff.xrg.uv.transformer.tabular.column.ColumnInfo__V1&amp;gt;
          &amp;lt;URI&amp;gt;http://www.w3.org/2004/02/skos/core#note&amp;lt;/URI&amp;gt;
          &amp;lt;type&amp;gt;Integer&amp;lt;/type&amp;gt;
        &amp;lt;/cz.cuni.mff.xrg.uv.transformer.tabular.column.ColumnInfo__V1&amp;gt;
      &amp;lt;/entry&amp;gt;
      &amp;lt;entry&amp;gt;
        &amp;lt;string&amp;gt;Code&amp;lt;/string&amp;gt;
        &amp;lt;cz.cuni.mff.xrg.uv.transformer.tabular.column.ColumnInfo__V1&amp;gt;
          &amp;lt;URI&amp;gt;http://www.w3.org/2004/02/skos/core#definition&amp;lt;/URI&amp;gt;
          &amp;lt;type&amp;gt;Integer&amp;lt;/type&amp;gt;
        &amp;lt;/cz.cuni.mff.xrg.uv.transformer.tabular.column.ColumnInfo__V1&amp;gt;
      &amp;lt;/entry&amp;gt;
      &amp;lt;entry&amp;gt;
        &amp;lt;string&amp;gt;Code2&amp;lt;/string&amp;gt;
        &amp;lt;cz.cuni.mff.xrg.uv.transformer.tabular.column.ColumnInfo__V1&amp;gt;
          &amp;lt;URI&amp;gt;http://www.w3.org/2004/02/skos/core#notation&amp;lt;/URI&amp;gt;
          &amp;lt;type&amp;gt;String&amp;lt;/type&amp;gt;
          &amp;lt;language&amp;gt;en&amp;lt;/language&amp;gt;
        &amp;lt;/cz.cuni.mff.xrg.uv.transformer.tabular.column.ColumnInfo__V1&amp;gt;
      &amp;lt;/entry&amp;gt;
      &amp;lt;entry&amp;gt;
        &amp;lt;string&amp;gt;Description&amp;lt;/string&amp;gt;
        &amp;lt;cz.cuni.mff.xrg.uv.transformer.tabular.column.ColumnInfo__V1&amp;gt;
          &amp;lt;URI&amp;gt;http://www.w3.org/2004/02/skos/core#prefLabel&amp;lt;/URI&amp;gt;
          &amp;lt;type&amp;gt;String&amp;lt;/type&amp;gt;
          &amp;lt;language&amp;gt;en&amp;lt;/language&amp;gt;
        &amp;lt;/cz.cuni.mff.xrg.uv.transformer.tabular.column.ColumnInfo__V1&amp;gt;
      &amp;lt;/entry&amp;gt;
      &amp;lt;entry&amp;gt;
        &amp;lt;string&amp;gt;NUTS level&amp;lt;/string&amp;gt;
        &amp;lt;cz.cuni.mff.xrg.uv.transformer.tabular.column.ColumnInfo__V1&amp;gt;
          &amp;lt;URI&amp;gt;http://www.w3.org/2004/02/skos/core#description&amp;lt;/URI&amp;gt;
          &amp;lt;type&amp;gt;String&amp;lt;/type&amp;gt;
          &amp;lt;language&amp;gt;en&amp;lt;/language&amp;gt;
        &amp;lt;/cz.cuni.mff.xrg.uv.transformer.tabular.column.ColumnInfo__V1&amp;gt;
      &amp;lt;/entry&amp;gt;
    &amp;lt;/columnsInfo&amp;gt;
    &amp;lt;columnsInfoAdv class=&amp;quot;linked-list&amp;quot;/&amp;gt;
    &amp;lt;namedCells class=&amp;quot;linked-list&amp;quot;/&amp;gt;
    &amp;lt;quoteChar&amp;gt;&amp;amp;quot;&amp;lt;/quoteChar&amp;gt;
    &amp;lt;delimiterChar&amp;gt;,&amp;lt;/delimiterChar&amp;gt;
    &amp;lt;linesToIgnore&amp;gt;0&amp;lt;/linesToIgnore&amp;gt;
    &amp;lt;encoding&amp;gt;UTF-8&amp;lt;/encoding&amp;gt;
    &amp;lt;rowsLimit&amp;gt;2000&amp;lt;/rowsLimit&amp;gt;
    &amp;lt;tableType&amp;gt;CSV&amp;lt;/tableType&amp;gt;
    &amp;lt;hasHeader&amp;gt;true&amp;lt;/hasHeader&amp;gt;
    &amp;lt;generateNew&amp;gt;false&amp;lt;/generateNew&amp;gt;
    &amp;lt;ignoreBlankCells&amp;gt;true&amp;lt;/ignoreBlankCells&amp;gt;
    &amp;lt;advancedKeyColumn&amp;gt;false&amp;lt;/advancedKeyColumn&amp;gt;
    &amp;lt;rowsClass&amp;gt;http://www.w3.org/2004/02/skos/core#Concept&amp;lt;/rowsClass&amp;gt;
    &amp;lt;staticRowCounter&amp;gt;false&amp;lt;/staticRowCounter&amp;gt;
    &amp;lt;generateRowTriple&amp;gt;false&amp;lt;/generateRowTriple&amp;gt;
    &amp;lt;useTableSubject&amp;gt;false&amp;lt;/useTableSubject&amp;gt;
    &amp;lt;autoAsStrings&amp;gt;false&amp;lt;/autoAsStrings&amp;gt;
    &amp;lt;generateTableClass&amp;gt;false&amp;lt;/generateTableClass&amp;gt;
    &amp;lt;generateLabels&amp;gt;false&amp;lt;/generateLabels&amp;gt;
    &amp;lt;stripHeader&amp;gt;false&amp;lt;/stripHeader&amp;gt;
    &amp;lt;dbfTrimString&amp;gt;false&amp;lt;/dbfTrimString&amp;gt;
    &amp;lt;xlsAdvancedDoubleParser&amp;gt;false&amp;lt;/xlsAdvancedDoubleParser&amp;gt;
    &amp;lt;ignoreMissingColumn&amp;gt;true&amp;lt;/ignoreMissingColumn&amp;gt;
  &amp;lt;/cz.cuni.mff.xrg.uv.transformer.tabular.TabularConfig__V2&amp;gt;
&amp;lt;/object-stream&amp;gt;&lt;/string&gt;
      &lt;/entry&gt;
    &lt;/configurations&gt;
  &lt;/MasterConfigObject&gt;
&lt;/object-stream&gt;</rawConf>
            <template>
              <description></description>
              <jarName>uv-t-tabular-2.3.0.jar</jarName>
              <menuName>uv-t-tabular</menuName>
              <name>uv-t-tabular</name>
              <rawConf>&lt;object-stream&gt;
  &lt;MasterConfigObject&gt;
    &lt;configurations&gt;
      &lt;entry&gt;
        &lt;string&gt;dpu_config&lt;/string&gt;
        &lt;string&gt;&amp;lt;object-stream&amp;gt;
  &amp;lt;cz.cuni.mff.xrg.uv.transformer.tabular.TabularConfig__V2&amp;gt;
    &amp;lt;baseURI&amp;gt;http://localhost&amp;lt;/baseURI&amp;gt;
    &amp;lt;columnsInfo class=&amp;quot;linked-hash-map&amp;quot;/&amp;gt;
    &amp;lt;columnsInfoAdv class=&amp;quot;linked-list&amp;quot;/&amp;gt;
    &amp;lt;namedCells class=&amp;quot;linked-list&amp;quot;/&amp;gt;
    &amp;lt;quoteChar&amp;gt;&amp;amp;quot;&amp;lt;/quoteChar&amp;gt;
    &amp;lt;delimiterChar&amp;gt;,&amp;lt;/delimiterChar&amp;gt;
    &amp;lt;linesToIgnore&amp;gt;0&amp;lt;/linesToIgnore&amp;gt;
    &amp;lt;encoding&amp;gt;UTF-8&amp;lt;/encoding&amp;gt;
    &amp;lt;tableType&amp;gt;CSV&amp;lt;/tableType&amp;gt;
    &amp;lt;hasHeader&amp;gt;true&amp;lt;/hasHeader&amp;gt;
    &amp;lt;generateNew&amp;gt;true&amp;lt;/generateNew&amp;gt;
    &amp;lt;ignoreBlankCells&amp;gt;false&amp;lt;/ignoreBlankCells&amp;gt;
    &amp;lt;advancedKeyColumn&amp;gt;false&amp;lt;/advancedKeyColumn&amp;gt;
    &amp;lt;rowsClass&amp;gt;http://unifiedviews.eu/ontology/t-tabular/Row&amp;lt;/rowsClass&amp;gt;
    &amp;lt;staticRowCounter&amp;gt;false&amp;lt;/staticRowCounter&amp;gt;
    &amp;lt;generateRowTriple&amp;gt;true&amp;lt;/generateRowTriple&amp;gt;
    &amp;lt;useTableSubject&amp;gt;false&amp;lt;/useTableSubject&amp;gt;
    &amp;lt;autoAsStrings&amp;gt;false&amp;lt;/autoAsStrings&amp;gt;
    &amp;lt;generateTableClass&amp;gt;false&amp;lt;/generateTableClass&amp;gt;
    &amp;lt;generateLabels&amp;gt;false&amp;lt;/generateLabels&amp;gt;
    &amp;lt;stripHeader&amp;gt;false&amp;lt;/stripHeader&amp;gt;
    &amp;lt;dbfTrimString&amp;gt;false&amp;lt;/dbfTrimString&amp;gt;
    &amp;lt;xlsAdvancedDoubleParser&amp;gt;false&amp;lt;/xlsAdvancedDoubleParser&amp;gt;
    &amp;lt;ignoreMissingColumn&amp;gt;false&amp;lt;/ignoreMissingColumn&amp;gt;
  &amp;lt;/cz.cuni.mff.xrg.uv.transformer.tabular.TabularConfig__V2&amp;gt;
&amp;lt;/object-stream&amp;gt;&lt;/string&gt;
      &lt;/entry&gt;
    &lt;/configurations&gt;
  &lt;/MasterConfigObject&gt;
&lt;/object-stream&gt;</rawConf>
              <useDPUDescription>false</useDPUDescription>
            </template>
            <useDPUDescription>false</useDPUDescription>
            <useTemplateConfig>false</useTemplateConfig>
          </dpuInstance>
          <graph reference="../../../.."/>
          <position>
            <x>281</x>
            <y>107</y>
          </position>
        </to>
      </cz.cuni.mff.xrg.odcs.commons.app.pipeline.graph.Edge>
      <cz.cuni.mff.xrg.odcs.commons.app.pipeline.graph.Edge>
        <from>
          <dpuInstance>
            <description></description>
            <menuName>uv-l-filesUpload</menuName>
            <name>uv-l-filesUpload</name>
            <rawConf>&lt;object-stream&gt;
  &lt;MasterConfigObject&gt;
    &lt;configurations&gt;
      &lt;entry&gt;
        &lt;string&gt;addon/faultToleranceWrap&lt;/string&gt;
        &lt;string&gt;&amp;lt;object-stream&amp;gt;
  &amp;lt;eu.unifiedviews.helpers.dpu.extension.faulttolerance.FaultTolerance_-Configuration__V1&amp;gt;
    &amp;lt;enabled&amp;gt;false&amp;lt;/enabled&amp;gt;
    &amp;lt;exceptionNames class=&amp;quot;linked-list&amp;quot;/&amp;gt;
    &amp;lt;maxRetryCount&amp;gt;-1&amp;lt;/maxRetryCount&amp;gt;
  &amp;lt;/eu.unifiedviews.helpers.dpu.extension.faulttolerance.FaultTolerance_-Configuration__V1&amp;gt;
&amp;lt;/object-stream&amp;gt;&lt;/string&gt;
      &lt;/entry&gt;
      &lt;entry&gt;
        &lt;string&gt;dpu_config&lt;/string&gt;
        &lt;string&gt;&amp;lt;object-stream&amp;gt;
  &amp;lt;eu.unifiedviews.plugins.loader.filesupload.FilesUploadConfig__V1&amp;gt;
    &amp;lt;uri&amp;gt;/home/dbpedia/unified_data/cl_geo&amp;lt;/uri&amp;gt;
    &amp;lt;username&amp;gt;&amp;lt;/username&amp;gt;
    &amp;lt;password&amp;gt;&amp;lt;/password&amp;gt;
    &amp;lt;softFail&amp;gt;false&amp;lt;/softFail&amp;gt;
    &amp;lt;moveFiles&amp;gt;false&amp;lt;/moveFiles&amp;gt;
  &amp;lt;/eu.unifiedviews.plugins.loader.filesupload.FilesUploadConfig__V1&amp;gt;
&amp;lt;/object-stream&amp;gt;&lt;/string&gt;
      &lt;/entry&gt;
    &lt;/configurations&gt;
  &lt;/MasterConfigObject&gt;
&lt;/object-stream&gt;</rawConf>
            <template>
              <description></description>
              <jarName>uv-l-filesUpload-2.1.3.jar</jarName>
              <menuName>uv-l-filesUpload</menuName>
              <name>uv-l-filesUpload</name>
              <rawConf>&lt;object-stream&gt;
  &lt;MasterConfigObject&gt;
    &lt;configurations&gt;
      &lt;entry&gt;
        &lt;string&gt;dpu_config&lt;/string&gt;
        &lt;string&gt;&amp;lt;object-stream&amp;gt;
  &amp;lt;eu.unifiedviews.plugins.loader.filesupload.FilesUploadConfig__V1&amp;gt;
    &amp;lt;uri&amp;gt;ftps://server:21/path/&amp;lt;/uri&amp;gt;
    &amp;lt;username&amp;gt;&amp;lt;/username&amp;gt;
    &amp;lt;password&amp;gt;&amp;lt;/password&amp;gt;
    &amp;lt;softFail&amp;gt;false&amp;lt;/softFail&amp;gt;
    &amp;lt;moveFiles&amp;gt;false&amp;lt;/moveFiles&amp;gt;
  &amp;lt;/eu.unifiedviews.plugins.loader.filesupload.FilesUploadConfig__V1&amp;gt;
&amp;lt;/object-stream&amp;gt;&lt;/string&gt;
      &lt;/entry&gt;
    &lt;/configurations&gt;
  &lt;/MasterConfigObject&gt;
&lt;/object-stream&gt;</rawConf>
              <useDPUDescription>false</useDPUDescription>
            </template>
            <useDPUDescription>false</useDPUDescription>
            <useTemplateConfig>false</useTemplateConfig>
          </dpuInstance>
          <graph reference="../../../.."/>
          <position>
            <x>471</x>
            <y>442</y>
          </position>
        </from>
        <graph reference="../../.."/>
        <script>run_after</script>
        <to>
          <dpuInstance>
            <description></description>
            <menuName>uv-l-filesToVirtuoso</menuName>
            <name>uv-l-filesToVirtuoso</name>
            <rawConf>&lt;object-stream&gt;
  &lt;MasterConfigObject&gt;
    &lt;configurations&gt;
      &lt;entry&gt;
        &lt;string&gt;addon/faultToleranceWrap&lt;/string&gt;
        &lt;string&gt;&amp;lt;object-stream&amp;gt;
  &amp;lt;eu.unifiedviews.helpers.dpu.extension.faulttolerance.FaultTolerance_-Configuration__V1&amp;gt;
    &amp;lt;enabled&amp;gt;false&amp;lt;/enabled&amp;gt;
    &amp;lt;exceptionNames class=&amp;quot;linked-list&amp;quot;/&amp;gt;
    &amp;lt;maxRetryCount&amp;gt;-1&amp;lt;/maxRetryCount&amp;gt;
  &amp;lt;/eu.unifiedviews.helpers.dpu.extension.faulttolerance.FaultTolerance_-Configuration__V1&amp;gt;
&amp;lt;/object-stream&amp;gt;&lt;/string&gt;
      &lt;/entry&gt;
      &lt;entry&gt;
        &lt;string&gt;dpu_config&lt;/string&gt;
        &lt;string&gt;&amp;lt;object-stream&amp;gt;
  &amp;lt;eu.unifiedviews.plugins.loader.filestovirtuoso.VirtuosoLoaderConfig__V2&amp;gt;
    &amp;lt;virtuosoUrl&amp;gt;jdbc:virtuoso://localhost:1111/charset=UTF-8/&amp;lt;/virtuosoUrl&amp;gt;
    &amp;lt;username&amp;gt;dba&amp;lt;/username&amp;gt;
    &amp;lt;password&amp;gt;dba&amp;lt;/password&amp;gt;
    &amp;lt;clearDestinationGraph&amp;gt;false&amp;lt;/clearDestinationGraph&amp;gt;
    &amp;lt;loadDirectoryPath&amp;gt;/home/dbpedia/unified_data/cl_geo&amp;lt;/loadDirectoryPath&amp;gt;
    &amp;lt;includeSubdirectories&amp;gt;true&amp;lt;/includeSubdirectories&amp;gt;
    &amp;lt;loadFilePattern&amp;gt;%.rdf&amp;lt;/loadFilePattern&amp;gt;
    &amp;lt;targetContext&amp;gt;http://testgraph2.gr&amp;lt;/targetContext&amp;gt;
    &amp;lt;statusUpdateInterval&amp;gt;60&amp;lt;/statusUpdateInterval&amp;gt;
    &amp;lt;threadCount&amp;gt;1&amp;lt;/threadCount&amp;gt;
    &amp;lt;skipOnError&amp;gt;false&amp;lt;/skipOnError&amp;gt;
  &amp;lt;/eu.unifiedviews.plugins.loader.filestovirtuoso.VirtuosoLoaderConfig__V2&amp;gt;
&amp;lt;/object-stream&amp;gt;&lt;/string&gt;
      &lt;/entry&gt;
    &lt;/configurations&gt;
  &lt;/MasterConfigObject&gt;
&lt;/object-stream&gt;</rawConf>
            <template>
              <description></description>
              <jarName>uv-l-filesToVirtuoso-2.1.4.jar</jarName>
              <menuName>uv-l-filesToVirtuoso</menuName>
              <name>uv-l-filesToVirtuoso</name>
              <rawConf>&lt;object-stream&gt;
  &lt;MasterConfigObject&gt;
    &lt;configurations&gt;
      &lt;entry&gt;
        &lt;string&gt;dpu_config&lt;/string&gt;
        &lt;string&gt;&amp;lt;object-stream&amp;gt;
  &amp;lt;eu.unifiedviews.plugins.loader.filestovirtuoso.VirtuosoLoaderConfig__V2&amp;gt;
    &amp;lt;virtuosoUrl&amp;gt;jdbc:virtuoso://localhost:1111/charset=UTF-8/&amp;lt;/virtuosoUrl&amp;gt;
    &amp;lt;username&amp;gt;dba&amp;lt;/username&amp;gt;
    &amp;lt;password&amp;gt;dba&amp;lt;/password&amp;gt;
    &amp;lt;clearDestinationGraph&amp;gt;false&amp;lt;/clearDestinationGraph&amp;gt;
    &amp;lt;loadDirectoryPath&amp;gt;&amp;lt;/loadDirectoryPath&amp;gt;
    &amp;lt;includeSubdirectories&amp;gt;true&amp;lt;/includeSubdirectories&amp;gt;
    &amp;lt;loadFilePattern&amp;gt;%&amp;lt;/loadFilePattern&amp;gt;
    &amp;lt;targetContext&amp;gt;&amp;lt;/targetContext&amp;gt;
    &amp;lt;statusUpdateInterval&amp;gt;60&amp;lt;/statusUpdateInterval&amp;gt;
    &amp;lt;threadCount&amp;gt;1&amp;lt;/threadCount&amp;gt;
    &amp;lt;skipOnError&amp;gt;false&amp;lt;/skipOnError&amp;gt;
  &amp;lt;/eu.unifiedviews.plugins.loader.filestovirtuoso.VirtuosoLoaderConfig__V2&amp;gt;
&amp;lt;/object-stream&amp;gt;&lt;/string&gt;
      &lt;/entry&gt;
    &lt;/configurations&gt;
  &lt;/MasterConfigObject&gt;
&lt;/object-stream&gt;</rawConf>
              <useDPUDescription>false</useDPUDescription>
            </template>
            <useDPUDescription>false</useDPUDescription>
            <useTemplateConfig>false</useTemplateConfig>
          </dpuInstance>
          <graph reference="../../../.."/>
          <position>
            <x>468</x>
            <y>528</y>
          </position>
        </to>
      </cz.cuni.mff.xrg.odcs.commons.app.pipeline.graph.Edge>
      <cz.cuni.mff.xrg.odcs.commons.app.pipeline.graph.Edge>
        <from>
          <dpuInstance>
            <description></description>
            <menuName>uv-t-rdfToFiles</menuName>
            <name>uv-t-rdfToFiles</name>
            <rawConf>&lt;object-stream&gt;
  &lt;MasterConfigObject&gt;
    &lt;configurations&gt;
      &lt;entry&gt;
        &lt;string&gt;addon/faultToleranceWrap&lt;/string&gt;
        &lt;string&gt;&amp;lt;object-stream&amp;gt;
  &amp;lt;eu.unifiedviews.helpers.dpu.extension.faulttolerance.FaultTolerance_-Configuration__V1&amp;gt;
    &amp;lt;enabled&amp;gt;false&amp;lt;/enabled&amp;gt;
    &amp;lt;exceptionNames class=&amp;quot;linked-list&amp;quot;/&amp;gt;
    &amp;lt;maxRetryCount&amp;gt;-1&amp;lt;/maxRetryCount&amp;gt;
  &amp;lt;/eu.unifiedviews.helpers.dpu.extension.faulttolerance.FaultTolerance_-Configuration__V1&amp;gt;
&amp;lt;/object-stream&amp;gt;&lt;/string&gt;
      &lt;/entry&gt;
      &lt;entry&gt;
        &lt;string&gt;dpu_config&lt;/string&gt;
        &lt;string&gt;&amp;lt;object-stream&amp;gt;
  &amp;lt;eu.unifiedviews.plugins.transformer.rdftofiles.RdfToFilesConfig__V2&amp;gt;
    &amp;lt;outFileName&amp;gt;cl_geo&amp;lt;/outFileName&amp;gt;
    &amp;lt;rdfFileFormat&amp;gt;RDF/XML&amp;lt;/rdfFileFormat&amp;gt;
    &amp;lt;genGraphFile&amp;gt;true&amp;lt;/genGraphFile&amp;gt;
    &amp;lt;outGraphName&amp;gt;http://testgraph2.gr&amp;lt;/outGraphName&amp;gt;
  &amp;lt;/eu.unifiedviews.plugins.transformer.rdftofiles.RdfToFilesConfig__V2&amp;gt;
&amp;lt;/object-stream&amp;gt;&lt;/string&gt;
      &lt;/entry&gt;
    &lt;/configurations&gt;
  &lt;/MasterConfigObject&gt;
&lt;/object-stream&gt;</rawConf>
            <template>
              <description></description>
              <jarName>uv-t-rdfToFiles-2.1.4.jar</jarName>
              <menuName>uv-t-rdfToFiles</menuName>
              <name>uv-t-rdfToFiles</name>
              <rawConf>&lt;object-stream&gt;
  &lt;MasterConfigObject&gt;
    &lt;configurations&gt;
      &lt;entry&gt;
        &lt;string&gt;dpu_config&lt;/string&gt;
        &lt;string&gt;&amp;lt;object-stream&amp;gt;
  &amp;lt;eu.unifiedviews.plugins.transformer.rdftofiles.RdfToFilesConfig__V2&amp;gt;
    &amp;lt;outFileName&amp;gt;output&amp;lt;/outFileName&amp;gt;
    &amp;lt;rdfFileFormat&amp;gt;Turtle&amp;lt;/rdfFileFormat&amp;gt;
    &amp;lt;genGraphFile&amp;gt;true&amp;lt;/genGraphFile&amp;gt;
    &amp;lt;outGraphName&amp;gt;http://localhost/resource/output&amp;lt;/outGraphName&amp;gt;
  &amp;lt;/eu.unifiedviews.plugins.transformer.rdftofiles.RdfToFilesConfig__V2&amp;gt;
&amp;lt;/object-stream&amp;gt;&lt;/string&gt;
      &lt;/entry&gt;
    &lt;/configurations&gt;
  &lt;/MasterConfigObject&gt;
&lt;/object-stream&gt;</rawConf>
              <useDPUDescription>false</useDPUDescription>
            </template>
            <useDPUDescription>false</useDPUDescription>
            <useTemplateConfig>false</useTemplateConfig>
          </dpuInstance>
          <graph reference="../../../.."/>
          <position>
            <x>468</x>
            <y>341</y>
          </position>
        </from>
        <graph reference="../../.."/>
        <script>output -&gt; input;</script>
        <to reference="../../cz.cuni.mff.xrg.odcs.commons.app.pipeline.graph.Edge[2]/from"/>
      </cz.cuni.mff.xrg.odcs.commons.app.pipeline.graph.Edge>
      <cz.cuni.mff.xrg.odcs.commons.app.pipeline.graph.Edge>
        <from>
          <dpuInstance>
            <description></description>
            <menuName>uv-t-sparqlConstruct</menuName>
            <name>uv-t-sparqlConstruct</name>
            <rawConf>&lt;object-stream&gt;
  &lt;MasterConfigObject&gt;
    &lt;configurations&gt;
      &lt;entry&gt;
        &lt;string&gt;addon/faultToleranceWrap&lt;/string&gt;
        &lt;string&gt;&amp;lt;object-stream&amp;gt;
  &amp;lt;eu.unifiedviews.helpers.dpu.extension.faulttolerance.FaultTolerance_-Configuration__V1&amp;gt;
    &amp;lt;enabled&amp;gt;false&amp;lt;/enabled&amp;gt;
    &amp;lt;exceptionNames class=&amp;quot;linked-list&amp;quot;/&amp;gt;
    &amp;lt;maxRetryCount&amp;gt;-1&amp;lt;/maxRetryCount&amp;gt;
  &amp;lt;/eu.unifiedviews.helpers.dpu.extension.faulttolerance.FaultTolerance_-Configuration__V1&amp;gt;
&amp;lt;/object-stream&amp;gt;&lt;/string&gt;
      &lt;/entry&gt;
      &lt;entry&gt;
        &lt;string&gt;dpu_config&lt;/string&gt;
        &lt;string&gt;&amp;lt;object-stream&amp;gt;
  &amp;lt;cz.cuni.mff.xrg.uv.transformer.sparql.construct.SparqlConstructConfig__V1&amp;gt;
    &amp;lt;query&amp;gt;construct 
{?s1 &amp;amp;lt;http://www.w3.org/2004/02/skos/core#narrower&amp;amp;gt; ?s2 .
?s2 &amp;amp;lt;http://www.w3.org/2004/02/skos/core#broader&amp;amp;gt; ?s1 .} 
where 
{
?s1 &amp;amp;lt;http://www.w3.org/2004/02/skos/core#notation&amp;amp;gt; ?o1 . 
?s1 &amp;amp;lt;http://www.w3.org/2004/02/skos/core#note&amp;amp;gt; ?level1 . 
?s2  &amp;amp;lt;http://www.w3.org/2004/02/skos/core#notation&amp;amp;gt; ?o2.
?s2  &amp;amp;lt;http://www.w3.org/2004/02/skos/core#note&amp;amp;gt; ?level2.
 
filter( 
substr(str(?o2),1,strlen(?o1))=str(?o1) &amp;amp;amp;&amp;amp;amp;
str(?level2)=str(?level1+1)
)

. }&amp;lt;/query&amp;gt;
    &amp;lt;perGraph&amp;gt;true&amp;lt;/perGraph&amp;gt;
  &amp;lt;/cz.cuni.mff.xrg.uv.transformer.sparql.construct.SparqlConstructConfig__V1&amp;gt;
&amp;lt;/object-stream&amp;gt;&lt;/string&gt;
      &lt;/entry&gt;
    &lt;/configurations&gt;
  &lt;/MasterConfigObject&gt;
&lt;/object-stream&gt;</rawConf>
            <template>
              <description></description>
              <jarName>uv-t-sparqlConstruct-2.1.4.jar</jarName>
              <menuName>uv-t-sparqlConstruct</menuName>
              <name>uv-t-sparqlConstruct</name>
              <rawConf>&lt;object-stream&gt;
  &lt;MasterConfigObject&gt;
    &lt;configurations&gt;
      &lt;entry&gt;
        &lt;string&gt;dpu_config&lt;/string&gt;
        &lt;string&gt;&amp;lt;object-stream&amp;gt;
  &amp;lt;cz.cuni.mff.xrg.uv.transformer.sparql.construct.SparqlConstructConfig__V1&amp;gt;
    &amp;lt;query&amp;gt;CONSTRUCT {?s ?p ?o} WHERE {?s ?p ?o}&amp;lt;/query&amp;gt;
    &amp;lt;perGraph&amp;gt;true&amp;lt;/perGraph&amp;gt;
  &amp;lt;/cz.cuni.mff.xrg.uv.transformer.sparql.construct.SparqlConstructConfig__V1&amp;gt;
&amp;lt;/object-stream&amp;gt;&lt;/string&gt;
      &lt;/entry&gt;
    &lt;/configurations&gt;
  &lt;/MasterConfigObject&gt;
&lt;/object-stream&gt;</rawConf>
              <useDPUDescription>false</useDPUDescription>
            </template>
            <useDPUDescription>false</useDPUDescription>
            <useTemplateConfig>false</useTemplateConfig>
          </dpuInstance>
          <graph reference="../../../.."/>
          <position>
            <x>610</x>
            <y>104</y>
          </position>
        </from>
        <graph reference="../../.."/>
        <script>output -&gt; rdfInput;</script>
        <to>
          <dpuInstance>
            <description></description>
            <menuName>uv-t-rdfMerger</menuName>
            <name>uv-t-rdfMerger</name>
            <rawConf>&lt;object-stream&gt;
  &lt;MasterConfigObject&gt;
    &lt;configurations&gt;
      &lt;entry&gt;
        &lt;string&gt;addon/faultToleranceWrap&lt;/string&gt;
        &lt;string&gt;&amp;lt;object-stream&amp;gt;
  &amp;lt;eu.unifiedviews.helpers.dpu.extension.faulttolerance.FaultTolerance_-Configuration__V1&amp;gt;
    &amp;lt;enabled&amp;gt;false&amp;lt;/enabled&amp;gt;
    &amp;lt;exceptionNames class=&amp;quot;linked-list&amp;quot;/&amp;gt;
    &amp;lt;maxRetryCount&amp;gt;-1&amp;lt;/maxRetryCount&amp;gt;
  &amp;lt;/eu.unifiedviews.helpers.dpu.extension.faulttolerance.FaultTolerance_-Configuration__V1&amp;gt;
&amp;lt;/object-stream&amp;gt;&lt;/string&gt;
      &lt;/entry&gt;
      &lt;entry&gt;
        &lt;string&gt;dpu_config&lt;/string&gt;
        &lt;string&gt;&amp;lt;object-stream&amp;gt;
  &amp;lt;eu.unifiedviews.plugins.transformer.rdfmerger.RdfMergerConfig__V1/&amp;gt;
&amp;lt;/object-stream&amp;gt;&lt;/string&gt;
      &lt;/entry&gt;
    &lt;/configurations&gt;
  &lt;/MasterConfigObject&gt;
&lt;/object-stream&gt;</rawConf>
            <template>
              <description></description>
              <jarName>uv-t-rdfMerger-2.1.3.jar</jarName>
              <menuName>uv-t-rdfMerger</menuName>
              <name>uv-t-rdfMerger</name>
              <rawConf>&lt;object-stream&gt;
  &lt;MasterConfigObject&gt;
    &lt;configurations&gt;
      &lt;entry&gt;
        &lt;string&gt;dpu_config&lt;/string&gt;
        &lt;string&gt;&amp;lt;object-stream&amp;gt;
  &amp;lt;eu.unifiedviews.plugins.transformer.rdfmerger.RdfMergerConfig__V1/&amp;gt;
&amp;lt;/object-stream&amp;gt;&lt;/string&gt;
      &lt;/entry&gt;
    &lt;/configurations&gt;
  &lt;/MasterConfigObject&gt;
&lt;/object-stream&gt;</rawConf>
              <useDPUDescription>false</useDPUDescription>
            </template>
            <useDPUDescription>false</useDPUDescription>
            <useTemplateConfig>false</useTemplateConfig>
          </dpuInstance>
          <graph reference="../../../.."/>
          <position>
            <x>457</x>
            <y>202</y>
          </position>
        </to>
      </cz.cuni.mff.xrg.odcs.commons.app.pipeline.graph.Edge>
      <cz.cuni.mff.xrg.odcs.commons.app.pipeline.graph.Edge>
        <from reference="../../cz.cuni.mff.xrg.odcs.commons.app.pipeline.graph.Edge/to"/>
        <graph reference="../../.."/>
        <script>triplifiedTable -&gt; input;</script>
        <to reference="../../cz.cuni.mff.xrg.odcs.commons.app.pipeline.graph.Edge[4]/from"/>
      </cz.cuni.mff.xrg.odcs.commons.app.pipeline.graph.Edge>
      <cz.cuni.mff.xrg.odcs.commons.app.pipeline.graph.Edge>
        <from reference="../../cz.cuni.mff.xrg.odcs.commons.app.pipeline.graph.Edge/to"/>
        <graph reference="../../.."/>
        <script>triplifiedTable -&gt; rdfInput;</script>
        <to reference="../../cz.cuni.mff.xrg.odcs.commons.app.pipeline.graph.Edge[4]/to"/>
      </cz.cuni.mff.xrg.odcs.commons.app.pipeline.graph.Edge>
      <cz.cuni.mff.xrg.odcs.commons.app.pipeline.graph.Edge>
        <from reference="../../cz.cuni.mff.xrg.odcs.commons.app.pipeline.graph.Edge[4]/to"/>
        <graph reference="../../.."/>
        <script>rdfOutput -&gt; input;</script>
        <to reference="../../cz.cuni.mff.xrg.odcs.commons.app.pipeline.graph.Edge[3]/from"/>
      </cz.cuni.mff.xrg.odcs.commons.app.pipeline.graph.Edge>
    </edges>
    <nodes>
      <cz.cuni.mff.xrg.odcs.commons.app.pipeline.graph.Node reference="../../edges/cz.cuni.mff.xrg.odcs.commons.app.pipeline.graph.Edge/to"/>
      <cz.cuni.mff.xrg.odcs.commons.app.pipeline.graph.Node reference="../../edges/cz.cuni.mff.xrg.odcs.commons.app.pipeline.graph.Edge[4]/from"/>
      <cz.cuni.mff.xrg.odcs.commons.app.pipeline.graph.Node reference="../../edges/cz.cuni.mff.xrg.odcs.commons.app.pipeline.graph.Edge[3]/from"/>
      <cz.cuni.mff.xrg.odcs.commons.app.pipeline.graph.Node reference="../../edges/cz.cuni.mff.xrg.odcs.commons.app.pipeline.graph.Edge[2]/from"/>
      <cz.cuni.mff.xrg.odcs.commons.app.pipeline.graph.Node reference="../../edges/cz.cuni.mff.xrg.odcs.commons.app.pipeline.graph.Edge[4]/to"/>
      <cz.cuni.mff.xrg.odcs.commons.app.pipeline.graph.Node reference="../../edges/cz.cuni.mff.xrg.odcs.commons.app.pipeline.graph.Edge[2]/to"/>
      <cz.cuni.mff.xrg.odcs.commons.app.pipeline.graph.Node reference="../../edges/cz.cuni.mff.xrg.odcs.commons.app.pipeline.graph.Edge/from"/>
    </nodes>
    <pipeline reference="../.."/>
  </graph>
  <lastChange>2015-10-23 13:10:42.0 UTC</lastChange>
  <name>CL-GEO rows 0-2000</name>
  <shareType>PUBLIC_RW</shareType>
</cz.cuni.mff.xrg.odcs.commons.app.pipeline.Pipeline>